QA,Area,Proposed procedure and acceptance,Status
"QA-01","Approval automation","Approve a pending vendor; attribute direct dispatch, generated commit and live profile.","PROPOSED — NOT APPROVED / NOT RUN"
"QA-02","Approval automation","Force dispatch failure on a disposable record; approval persists and UI reports publication not queued.","PROPOSED — NOT APPROVED / NOT RUN"
"QA-03","Approval automation","Retry saved approval through the existing owner retry; publication recovers without duplicate vendor.","PROPOSED — NOT APPROVED / NOT RUN"
"QA-04","Approval automation","Make a fresh approved change; attribute automatic scheduled run, generated commit and live propagation.","PROPOSED — NOT APPROVED / NOT RUN"
"QA-05","Validation","Submit invalid required/category/location/phone values and forged Approved status; invalid input is rejected, accepted forged status is Pending.","PROPOSED — NOT APPROVED / NOT RUN"
"QA-06","Double approval","Repeat approval and approve two same-name pending records concurrently; each ID remains unique, slugs remain distinct, repeat approval is idempotent.","PROPOSED — NOT APPROVED / NOT RUN"
"QA-07","Slug","Approve a normal business name; persist expected normalized slug.","PROPOSED — NOT APPROVED / NOT RUN"
"QA-08","Slug","Approve punctuation and whitespace name; persist a safe nonempty slug.","PROPOSED — NOT APPROVED / NOT RUN"
"QA-09","Slug","Approve Hindi/Unicode name; persist safe supported slug or deterministic fallback.","PROPOSED — NOT APPROVED / NOT RUN"
"QA-10","Slug","Approve same-name records; persist distinct collision suffixes.","PROPOSED — NOT APPROVED / NOT RUN"
"QA-11","Slug","Rename an approved business; existing slug and URL persist.","PROPOSED — NOT APPROVED / NOT RUN"
"QA-12","Slug","Change status through edit-required/rejected/reapproved; slug persists.","PROPOSED — NOT APPROVED / NOT RUN"
"QA-13","Slug","Reapprove after publication retry; no extra slug or duplicate profile.","PROPOSED — NOT APPROVED / NOT RUN"
"QA-14","Profile media","Compare required displayed business/location/contact fields with approved source.","PROPOSED — NOT APPROVED / NOT RUN"
"QA-15","Profile media","Upload supported JPEG/PNG/WebP; logo and gallery load.","PROPOSED — NOT APPROVED / NOT RUN"
"QA-16","Profile media","Upload a large permitted original; compressed uploaded file is at most 204800 bytes.","PROPOSED — NOT APPROVED / NOT RUN"
"QA-17","Profile media","Attempt oversized encoded payload and unsupported media; reject before Drive creation.","PROPOSED — NOT APPROVED / NOT RUN"
"QA-18","Profile media","Submit exactly ten photos and then eleven; ten load, eleven is rejected.","PROPOSED — NOT APPROVED / NOT RUN"
"QA-19","Contact","On physical device, open tel link using an owner-authorized real number; verify intended dialer number without placing an unsolicited call.","PROPOSED — NOT APPROVED / NOT RUN"
"QA-20","Contact","On physical device, open WhatsApp using an owner-authorized real number; verify recipient/message without sending.","PROPOSED — NOT APPROVED / NOT RUN"
"QA-21","Routes","Open approved profile directly and refresh; HTTP 200 and correct vendor persist.","PROPOSED — NOT APPROVED / NOT RUN"
"QA-22","Routes","Open rejected/unpublished and nonexistent profile; correct 404, no approved content leak.","PROPOSED — NOT APPROVED / NOT RUN"
"QA-23","Category publishing","Approve record; correct category gains exactly one card.","PROPOSED — NOT APPROVED / NOT RUN"
"QA-24","Category publishing","Confirm district/city/category route matches submitted taxonomy.","PROPOSED — NOT APPROVED / NOT RUN"
"QA-25","Category publishing","Edit required/unpublish; next successful sync removes card/profile/sitemap entry.","PROPOSED — NOT APPROVED / NOT RUN"
"QA-26","Category publishing","Reapprove; correct card returns at same URL.","PROPOSED — NOT APPROVED / NOT RUN"
"QA-27","Category publishing","Fail API validation; previous published output remains byte-identical.","PROPOSED — NOT APPROVED / NOT RUN"
"QA-28","Category publishing","Synchronize valid empty approved list in isolated fixture; managed output is removed and legacy output retained.","PROPOSED — NOT APPROVED / NOT RUN"
"QA-29","Linking","Click category card; opens its exact vendor profile.","PROPOSED — NOT APPROVED / NOT RUN"
"QA-30","Linking","Verify every approved card maps to its own ID/slug, without duplicates.","PROPOSED — NOT APPROVED / NOT RUN"
"QA-31","Linking","Verify profile/category navigation stays within DEV routes.","PROPOSED — NOT APPROVED / NOT RUN"
"QA-32","Linking","Verify persisted URL after rename/status changes points to the same vendor.","PROPOSED — NOT APPROVED / NOT RUN"
"QA-33","SEO","Verify one meaningful H1 per profile.","PROPOSED — NOT APPROVED / NOT RUN"
"QA-34","SEO","Verify business-specific title and description, safely escaped.","PROPOSED — NOT APPROVED / NOT RUN"
"QA-35","SEO","Verify exact DEV canonical URL per profile.","PROPOSED — NOT APPROVED / NOT RUN"
"QA-36","Open Graph","Verify og:title and og:description match vendor.","PROPOSED — NOT APPROVED / NOT RUN"
"QA-37","Open Graph","Verify og:url matches canonical and og:type is appropriate.","PROPOSED — NOT APPROVED / NOT RUN"
"QA-38","Open Graph","With logo/photo, verify usable supported og:image.","PROPOSED — NOT APPROVED / NOT RUN"
"QA-39","Open Graph","Without image, verify safe omission/fallback; inspect approved crawler preview if accessible.","PROPOSED — NOT APPROVED / NOT RUN"
"QA-40","JSON-LD","Parse LocalBusiness JSON-LD; compare name, URL, phone and location, including safe escaping.","PROPOSED — NOT APPROVED / NOT RUN"
"QA-41","Indexing sitemap","Verify DEV profile/category noindex,nofollow.","PROPOSED — NOT APPROVED / NOT RUN"
"QA-42","Indexing sitemap","Verify sitemap includes every approved generated profile exactly once.","PROPOSED — NOT APPROVED / NOT RUN"
"QA-43","Indexing sitemap","Verify sitemap excludes pending/rejected and production URLs.","PROPOSED — NOT APPROVED / NOT RUN"
"QA-44","Indexing sitemap","After unpublish/republish, verify sitemap follows successful sync.","PROPOSED — NOT APPROVED / NOT RUN"
"QA-45","Indexing sitemap","Attribute fresh automatic synchronization to source/run/commit/live sitemap timestamps.","PROPOSED — NOT APPROVED / NOT RUN"
"QA-46","Security integrity","Verify public API/output excludes private fields and pending/rejected rows; render unsafe links/markup safely.","PROPOSED — NOT APPROVED / NOT RUN"
"QA-47","Security integrity","Verify missing/invalid token and authorized negative audience/issuer/expiry/email/subject cases reject safely.","PROPOSED — NOT APPROVED / NOT RUN"
"QA-48","Security integrity","Move blank Email to first column; public/admin rows remain correct and exact sheet restoration succeeds.","PROPOSED — NOT APPROVED / NOT RUN"
"QA-49","Security integrity","Verify server-controlled status, unique registration IDs, text-safe formula prefixes and header-based status updates without unrelated row changes.","PROPOSED — NOT APPROVED / NOT RUN"
"QA-50","Optional fields","Compare all optional fields source-to-render, including empty values, long text, multilingual text and safe URLs.","PROPOSED — NOT APPROVED / NOT RUN"
"QA-51","Legacy","Open Chitransh Color Lab root redirect; correct DEV destination/content.","PROPOSED — NOT APPROVED / NOT RUN"
"QA-52","Legacy","Open Fashion Flavour redirect/profile; six expected images load.","PROPOSED — NOT APPROVED / NOT RUN"
"QA-53","Legacy","Open Madan Mohan Resort; nine images and hero playback work.","PROPOSED — NOT APPROVED / NOT RUN"
"QA-54","Legacy","Open Harshita Shekhawat; nine images, posters and nine videos play.","PROPOSED — NOT APPROVED / NOT RUN"
"QA-55","Legacy","Verify all four legacy canonical/noindex/navigation remain DEV-scoped.","PROPOSED — NOT APPROVED / NOT RUN"
"QA-56","Legacy","Run four legacy profiles at agreed mobile widths and physical devices; usable layout.","PROPOSED — NOT APPROVED / NOT RUN"
"QA-57","Legacy","After generated publication/unpublication, verify legacy files, routes and media remain unchanged.","PROPOSED — NOT APPROVED / NOT RUN"
"QA-58","Responsive UX","At 320px, verify profile fits without horizontal overflow.","PROPOSED — NOT APPROVED / NOT RUN"
"QA-59","Responsive UX","At 390px, verify profile fits and controls are usable.","PROPOSED — NOT APPROVED / NOT RUN"
"QA-60","Responsive UX","At 768px, verify gallery/layout fits.","PROPOSED — NOT APPROVED / NOT RUN"
"QA-61","Responsive UX","Verify long text, empty optional sections and ten-photo gallery at all widths.","PROPOSED — NOT APPROVED / NOT RUN"
"QA-62","Responsive UX","Verify physical Android portrait/landscape, refresh and touch navigation; record model/browser.","PROPOSED — NOT APPROVED / NOT RUN"
"QA-63","Responsive UX","Verify physical iOS portrait/landscape, refresh and touch navigation; record model/browser.","PROPOSED — NOT APPROVED / NOT RUN"
"QA-64","Zero manual coding","On frozen candidate, register and approve Shree Krishna Wedding Photography; automatic generated publication, category navigation, direct refresh, metadata/sitemap work without vendor-specific code edits; record source before/after and attributed run.","PROPOSED — NOT APPROVED / NOT RUN"
